,WWTP_name,geometry,centroid
0,Plant_24298754,"POLYGON ((-121.8093956 37.6930507, -121.805817 37.6930115, -121.8056706 37.6930099, -121.8056706 37.6904833, -121.8058937 37.6899807, -121.8059778 37.6894001, -121.8060333 37.6892735, -121.8061508 37.6892261, -121.8071187 37.6892498, -121.8095244 37.6896004, -121.8096322 37.6904367, -121.809724 37.6914042, -121.8097223 37.6915312, -121.809522 37.6915461, -121.8093956 37.6930507))",POINT (-121.80761812443576 37.69120463483653)
2,EBMUD Wastewater Treatment Plant,"POLYGON ((-122.2930951 37.8228457, -122.2923804 37.8241395, -122.2923464 37.8241322, -122.2922493 37.8243101, -122.2921713 37.8246004, -122.2921681 37.8247452, -122.2921969 37.8251887, -122.2920161 37.8251593, -122.2919721 37.8254359, -122.2919162 37.8257025, -122.2918483 37.8260651, -122.2916564 37.826488, -122.2917244 37.8266896, -122.2921959 37.8269055, -122.2925522 37.8270548, -122.2926746 37.8270912, -122.292804 37.8271548, -122.2928341 37.82724, -122.2932189 37.8271637, -122.293225 37.8272237, -122.2934566 37.8272571, -122.2937212 37.8272765, -122.2938809 37.8272546, -122.2941777 37.8271973, -122.2943274 37.8271752, -122.2953185 37.8269706, -122.2953333 37.8269667, -122.2953491 37.8269619, -122.2953661 37.8269544, -122.2953807 37.8269469, -122.2954638 37.8269015, -122.2954865 37.8268899, -122.2955094 37.8268787, -122.2955361 37.8268672, -122.2955631 37.8268576, -122.2962989 37.8265886, -122.2965904 37.8264858, -122.2965545 37.82638, -122.2998075 37.8257411, -122.2993529 37.824345, -122.2992255 37.8243701, -122.2991314 37.8242353, -122.2990068 37.8241806, -122.297951 37.8238992, -122.2979134 37.8238716, -122.2972145 37.8236941, -122.2971018 37.8236812, -122.2969923 37.8236856, -122.2963299 37.8235239, -122.2963198 37.8234795, -122.2958524 37.8235457, -122.2957816 37.8233495, -122.2953577 37.8232469, -122.2952498 37.823242, -122.2940298 37.8229193, -122.293803 37.8228723, -122.2935636 37.8228464, -122.2932976 37.8228337, -122.2930951 37.8228457))",POINT (-122.29525305194373 37.825121421764145)
3,Hyperion Wastewater Treatment Plant,"POLYGON ((-118.4291394 33.9195675, -118.4316212 33.9243409, -118.4316291 33.9244394, -118.4318223 33.9248176, -118.4318955 33.9248806, -118.4320683 33.9252113, -118.4331997 33.9273807, -118.4333514 33.9277217, -118.4338023 33.9286692, -118.4346593 33.9305923, -118.4346401 33.9306382, -118.4345877 33.9306876, -118.4336771 33.9306842, -118.4336073 33.930663, -118.4333101 33.930663, -118.4330891 33.9306888, -118.4303801 33.9307092, -118.4293615 33.9307479, -118.4292124 33.9307543, -118.4291923 33.930736, -118.428812 33.9307527, -118.4288264 33.9305582, -118.4288638 33.9304391, -118.4291342 33.9299731, -118.4289351 33.929596, -118.4290203 33.92956, -118.4287775 33.9290448, -118.4287527 33.9278911, -118.4281338 33.9267324, -118.4282118 33.9265614, -118.4283591 33.9264964, -118.427776 33.9253916, -118.4272291 33.9240928, -118.4272718 33.9234815, -118.4258198 33.9206858, -118.4259686 33.9203748, -118.4273031 33.9201549, -118.4275764 33.9201234, -118.4280335 33.9199581, -118.4291394 33.9195675))",POINT (-118.43006416518952 33.92574080520682)
5,Sunnyvale Water Pollution Control Plant,"POLYGON ((-122.018146 37.4191126, -122.017951 37.4195215, -122.0175736 37.4199178, -122.0173848 37.420031, -122.017259 37.4200562, -122.0171018 37.4200499, -122.01702 37.4200436, -122.0128429 37.4190918, -122.0127064 37.4188237, -122.0130846 37.4178565, -122.0132848 37.4177892, -122.0145062 37.4180759, -122.0150077 37.4182357, -122.0159694 37.4184129, -122.0165104 37.4187414, -122.018146 37.4191126))",POINT (-122.01526510162907 37.418974107706056)
6,Plant_30489168,"POLYGON ((-122.4448208 37.4725316, -122.4455208 37.473019, -122.445346 37.4734091, -122.4448518 37.473676, -122.4443296 37.4734862, -122.4435831 37.4730035, -122.4434962 37.4728996, -122.4444401 37.4724612, -122.4445643 37.4724841, -122.4448208 37.4725316))",POINT (-122.44459035023469 37.47304817794685)
7,Burlingame Wastewater Treatment Plant,"POLYGON ((-122.3580287 37.5917262, -122.3574509 37.5917306, -122.3572307 37.5916332, -122.3571694 37.5917283, -122.3564353 37.5917279, -122.3564343 37.5916725, -122.3563601 37.5916719, -122.3562254 37.591669, -122.3562325 37.5911192, -122.3568222 37.5902041, -122.3576257 37.5905352, -122.3573102 37.5910179, -122.3575698 37.5911263, -122.3575906 37.5912024, -122.3580273 37.5914115, -122.3580287 37.5917262))",POINT (-122.35702310337801 37.59113074351707)
11,Wastewater Treatment,"POLYGON ((-122.0336299 36.9627836, -122.0334547 36.9627863, -122.0331569 36.9627999, -122.0330825 36.962754, -122.0325974 36.9624548, -122.0325544 36.9624356, -122.0325067 36.962429, -122.0324664 36.9624323, -122.032427 36.962443, -122.0323899 36.9624565, -122.0323569 36.9624777, -122.0323273 36.9625001, -122.0323052 36.9625203, -122.0322817 36.9625375, -122.0322347 36.9625582, -122.0321932 36.9625664, -122.0321447 36.9625723, -122.0321019 36.9625692, -122.0320598 36.962559, -122.0320172 36.9625401, -122.0319851 36.9625147, -122.0319544 36.962479, -122.0319209 36.9624328, -122.0318926 36.9624117, -122.0318716 36.962396, -122.0318144 36.9623717, -122.0317634 36.962359, -122.0317067 36.9623579, -122.0316449 36.9623715, -122.0315993 36.962389, -122.0315599 36.9624132, -122.0315069 36.962458, -122.031466 36.9624794, -122.0314209 36.9624935, -122.0313741 36.9624984, -122.0313155 36.9624989, -122.0305486 36.9622155, -122.0303556 36.9621531, -122.0299154 36.9620552, -122.0297828 36.9620079, -122.0295614 36.9618728, -122.0294861 36.9618285, -122.029458 36.961704, -122.0294387 36.9616725, -122.0294166 36.9616516, -122.0293966 36.9616424, -122.0293629 36.9616474, -122.029237 36.9617375, -122.0291507 36.9617615, -122.0290585 36.961748, -122.028924 36.9617131, -122.0288467 36.9615428, -122.0290232 36.9613003, -122.0289138 36.9610309, -122.0291891 36.9608896, -122.0295758 36.9608195, -122.0302395 36.960771, -122.030797 36.9608222, -122.0311869 36.9609859, -122.0318586 36.9614251, -122.0318256 36.9614704, -122.0328908 36.962124, -122.0344723 36.9631788, -122.0344102 36.9632397, -122.0338388 36.9628645, -122.033759 36.962816, -122.0336299 36.9627836))",POINT (-122.03101286782221 36.96173047770158)
13,Wastewater Treatment Plant,"POLYGON ((-121.5398556 36.9864142, -121.5383772 36.987168, -121.5325363 36.990146, -121.5324885 36.9904135, -121.5319882 36.990672, -121.5336782 36.9939062, -121.5337447 36.9940169, -121.5303208 36.9949873, -121.5244917 36.9888862, -121.527356 36.9869994, -121.5251464 36.9852426, -121.5243535 36.9847451, -121.5243164 36.9847024, -121.5191757 36.9785741, -121.5232023 36.9761762, -121.5232058 36.9761742, -121.5251613 36.9783366, -121.5286377 36.9752421, -121.5310481 36.9772124, -121.5312919 36.9774117, -121.53194 36.9779414, -121.5302901 36.9792813, -121.5336269 36.9824211, -121.5385328 36.9800234, -121.5435158 36.9762148, -121.549477 36.9812973, -121.5488804 36.9814924, -121.5406599 36.9836313, -121.542052 36.985586, -121.5423846 36.9860694, -121.5412073 36.9863822, -121.5409952 36.9861998, -121.5404895 36.9862128, -121.5398556 36.9864142))",POINT (-121.53261245226864 36.9836508362002)
14,Regional Water Quality Control Plant,"POLYGON ((-122.1139211 37.4532463, -122.1130027 37.4537574, -122.1117587 37.4537574, -122.1100501 37.4537574, -122.1099385 37.4531714, -122.1082477 37.4514203, -122.1086511 37.4513112, -122.1089687 37.4510455, -122.109518 37.4508274, -122.1096725 37.4505481, -122.10993 37.4503573, -122.1103248 37.4504868, -122.1106595 37.4503777, -122.1112706 37.4506056, -122.1113547 37.4506367, -122.1118869 37.4512363, -122.1120095 37.4513583, -122.1139211 37.4532463))",POINT (-122.11102528522011 37.45223965177364)
16,Plant_40937006,"POLYGON ((-121.6767031 38.596594, -121.6653906 38.5966275, -121.6655451 38.5908247, -121.6767031 38.5906101, -121.6767031 38.596594))",POINT (-121.67111443309561 38.59367054544781)
25,Plant_44581519,"POLYGON ((-119.428118 36.538807, -119.427846 36.538804, -119.425031 36.538809, -119.4216944 36.5388674, -119.4218295 36.5328731, -119.4226097 36.5327824, -119.4227404 36.5317454, -119.425395 36.531725, -119.425526 36.531726, -119.425919 36.53173, -119.426051 36.531732, -119.426929 36.531738, -119.429564 36.531757, -119.430443 36.531764, -119.430537 36.531764, -119.430822 36.531765, -119.430891 36.531766, -119.430917 36.531766, -119.431036 36.531767, -119.431394 36.531773, -119.431514 36.531775, -119.43156 36.531775, -119.431701 36.531775, -119.431748 36.531776, -119.431907 36.531777, -119.432384 36.53178, -119.4327091 36.5317987, -119.4326816 36.5325949, -119.4326836 36.5327282, -119.4328498 36.5354983, -119.430482 36.535482, -119.430458 36.53623, -119.430409 36.538157, -119.430385 36.538825, -119.430274 36.538818, -119.428251 36.538809, -119.428224 36.538808, -119.428144 36.538807, -119.428118 36.538807))",POINT (-119.42683256605777 36.53512615756219)
28,Plant_47391383,"POLYGON ((-121.9151663 37.6845067, -121.9132975 37.6848877, -121.9149468 37.6895366, -121.9169003 37.6891406, -121.915367 37.6847977, -121.9151663 37.6845067))",POINT (-121.91509986894508 37.68701546922106)
31,Sewer Plant #3,"POLYGON ((-119.0744956 35.2743227, -119.0780485 35.2743372, -119.0795292 35.2743363, -119.0795187 35.2718714, -119.0796108 35.2717953, -119.0889389 35.2717661, -119.092001 35.2717565, -119.0920569 35.2816063, -119.0745225 35.2815155, -119.0745038 35.276845, -119.0744956 35.2743227))",POINT (-119.08379178406928 35.27696257963839)
33,Sewer Plant #2,"POLYGON ((-118.9675426 35.3252433, -118.9764622 35.32518, -118.976446 35.3323679, -118.9786985 35.332418, -118.9786575 35.3359094, -118.9765279 35.3358927, -118.9765031 35.3392691, -118.976501 35.339557, -118.9588694 35.3396028, -118.9590244 35.3311942, -118.9589561 35.3253094, -118.9675426 35.3252433))",POINT (-118.96802225014696 35.332474475095374)
36,Plant_61139366,"POLYGON ((-120.0672914 36.7058061, -120.0681679 36.70579, -120.0681746 36.7062707, -120.0695665 36.706272, -120.06952 36.709351, -120.0694651 36.7129838, -120.0662746 36.7129628, -120.0672065 36.7112678, -120.0672354 36.7094106, -120.0660314 36.7093984, -120.0650755 36.7093887, -120.0651338 36.7058174, -120.0660894 36.7058124, -120.0672914 36.7058061))",POINT (-120.06761685868969 36.70900590723329)
37,Plant_61167484,"POLYGON ((-119.3363792 36.6102593, -119.3317695 36.6102152, -119.3316313 36.6069189, -119.3316069 36.6067872, -119.3316509 36.6032731, -119.3316526 36.6031391, -119.3351584 36.6031623, -119.3367448 36.6067701, -119.3381543 36.6095015, -119.3384881 36.6102392, -119.3363792 36.6102593))",POINT (-119.33431387320061 36.607070415758194)
246,Pismo Wastewater Treatment,"POLYGON ((-120.633339 35.1423866, -120.6329539 35.1423349, -120.6329421 35.1412272, -120.6339297 35.1402891, -120.6347611 35.1408383, -120.6341188 35.1417032, -120.6338452 35.1420322, -120.633339 35.1423866))",POINT (-120.63370440656828 35.14133669934203)
677,Plant_75122321,"POLYGON ((-118.850731 35.1868801, -118.8506404 35.1869171, -118.8491362 35.1869198, -118.8490812 35.1868616, -118.8490812 35.1860394, -118.849175 35.1859653, -118.8506598 35.1859627, -118.8507407 35.1860024, -118.850731 35.1868801))",POINT (-118.84990944008356 35.18644121141753)
795,Plant_75124041,"POLYGON ((-118.9760097 35.3344974, -118.9728314 35.334493, -118.9725967 35.3344821, -118.9725296 35.3344546, -118.9724424 35.3343887, -118.9724542 35.330559, -118.9725078 35.3304821, -118.9725748 35.3304161, -118.9727691 35.3303775, -118.9758066 35.330393, -118.9758736 35.330404, -118.9759272 35.330437, -118.9759675 35.3304919, -118.9760011 35.3306347, -118.9760297 35.3342391, -118.9760298 35.3343655, -118.9760432 35.3344535, -118.9760097 35.3344974))",POINT (-118.97423279203088 35.332446667963794)
838,Plant_75124428,"POLYGON ((-118.9629858 35.3474465, -118.9626103 35.3474465, -118.9625966 35.3466553, -118.9629721 35.3466498, -118.9629858 35.3474465))",POINT (-118.96279141645468 35.3470494965469)
891,Plant_75125400,"POLYGON ((-119.3939441 35.5871349, -119.3948116 35.5871297, -119.3947776 35.5877449, -119.3939235 35.5877721, -119.3939441 35.5871349))",POINT (-119.39436168683876 35.587444567155046)
1027,Plant_75128129,"POLYGON ((-118.8508364 35.1800931, -118.8502408 35.1800878, -118.8502474 35.1799285, -118.8508564 35.1799228, -118.8508364 35.1800931))",POINT (-118.85054862193184 35.18000775426706)
1063,Plant_75129450,"POLYGON ((-118.9724941 35.3300425, -118.9683505 35.3300108, -118.9682433 35.3299888, -118.9681895 35.3298954, -118.9681691 35.3289558, -118.9682629 35.3288899, -118.9682259 35.3275941, -118.976058 35.3275616, -118.9760515 35.3299753, -118.9725612 35.330026, -118.9724941 35.3300425))",POINT (-118.97213464387637 35.32879796240398)
1252,Plant_75133485,"POLYGON ((-118.8395236 35.2604689, -118.8389742 35.26048, -118.8389473 35.2601943, -118.8393828 35.2601888, -118.8395236 35.2604689))",POINT (-118.83920807535422 35.2603385042809)
1257,Plant_75133572,"POLYGON ((-118.9637913 35.3497046, -118.9632213 35.3497157, -118.9632211 35.3492542, -118.9637912 35.349254, -118.9637913 35.3497046))",POINT (-118.96350508950987 35.3494821203239)
1264,Plant_76112916,"POLYGON ((-119.6677666 37.3275651, -119.6677611 37.327719, -119.6673516 37.3277101, -119.6673605 37.3275535, -119.6677666 37.3275651))",POINT (-119.66755933617186 37.327637005258275)
1321,Plant_76119422,"POLYGON ((-120.3141649 36.7301095, -120.3145264 36.7301206, -120.3144787 36.7316527, -120.3141717 36.7316472, -120.3141649 36.7301095))",POINT (-120.31433562611286 36.7308616085432)
1322,Plant_76119681,"POLYGON ((-120.3225029 36.7424165, -120.322496 36.7415709, -120.3234171 36.7415599, -120.3234718 36.7426472, -120.3233012 36.7426417, -120.3225028 36.7426253, -120.3225029 36.7424165))",POINT (-120.32297471708445 36.742104768231634)
1511,Plant_79477826,"POLYGON ((-119.1622922 36.2737248, -119.1628436 36.2737329, -119.1628334 36.275318, -119.1623329 36.2753169, -119.1623356 36.2743443, -119.1617587 36.2743406, -119.1617519 36.2737328, -119.1622922 36.2737248))",POINT (-119.16242008013401 36.27437148786369)
1513,Plant_79477841,"POLYGON ((-119.1373035 36.2182088, -119.1376312 36.2182163, -119.1376261 36.2185096, -119.1375583 36.2185094, -119.1373027 36.2185008, -119.1372963 36.2182675, -119.1373035 36.2182088))",POINT (-119.13746433298216 36.218358606400706)
1556,Plant_79479057,"POLYGON ((-119.1611765 36.2741949, -119.1611757 36.2744656, -119.1610286 36.2744652, -119.1610294 36.2741968, -119.1611765 36.2741949))",POINT (-119.16110265459578 36.27433061668697)
2344,Plant_87774803,"POLYGON ((-121.5525699 39.0673896, -121.5522436 39.0673934, -121.5519755 39.067421, -121.5518995 39.0673984, -121.5514424 39.0674172, -121.551142 39.0672692, -121.5501438 39.0672905, -121.5501435 39.0673108, -121.5500955 39.0673208, -121.5500966 39.0672899, -121.5500961 39.0672615, -121.5500955 39.0672253, -121.5489198 39.067251, -121.5489417 39.0663382, -121.5489769 39.0663211, -121.5490223 39.065406, -121.5489696 39.0653856, -121.5490062 39.064026, -121.5490589 39.0624139, -121.5509871 39.0624321, -121.5511482 39.063104, -121.5511789 39.063212, -121.5512419 39.0633598, -121.5515201 39.0639543, -121.5516255 39.0641658, -121.5518246 39.0645341, -121.5518759 39.0646466, -121.5519974 39.0650036, -121.5520867 39.0650036, -121.5521043 39.0650764, -121.5522887 39.066004, -121.5525699 39.0673896))",POINT (-121.55048547901399 39.06512928339272)
2593,Hale Avenue Resource Recovery Facility,"POLYGON ((-117.1114665 33.1052435, -117.1122419 33.1039116, -117.112762 33.1041432, -117.1133077 33.104251, -117.1142562 33.1046882, -117.1148519 33.1050016, -117.1148221 33.1050375, -117.115304 33.1052494, -117.1153636 33.1052635, -117.1160301 33.1055426, -117.1161268 33.1053627, -117.1161585 33.105316, -117.1162106 33.1052832, -117.116259 33.1052614, -117.116313 33.1052505, -117.116851 33.1052739, -117.1168995 33.1052801, -117.1172089 33.1054273, -117.1172047 33.1054513, -117.1171091 33.105624, -117.1169376 33.1057864, -117.1169016 33.1058125, -117.1168564 33.1058355, -117.1167247 33.105885, -117.116621 33.1059213, -117.1165514 33.1059392, -117.1165258 33.1059428, -117.1164947 33.1059418, -117.1164684 33.1059295, -117.1164172 33.1059505, -117.116344 33.1059607, -117.1162982 33.1059729, -117.1162067 33.1059995, -117.1157138 33.1061523, -117.1154155 33.1062535, -117.1149811 33.1064513, -117.1146926 33.1065897, -117.1146345 33.1065654, -117.1114665 33.1052435))",POINT (-117.1139879708682 33.10534557703307)
2609,Plant_118108148,"POLYGON ((-117.2667477 33.8662259, -117.2619327 33.8662767, -117.2642323 33.8715057, -117.2655198 33.8688506, -117.2658366 33.8682191, -117.2667477 33.8662259))",POINT (-117.26431364077105 33.868006213792356)
2612,City of Colton Water Reclamation Facility,"POLYGON ((-117.3388393 34.0524822, -117.3348236 34.0525526, -117.3347914 34.0524177, -117.3342957 34.0524926, -117.3336957 34.0511461, -117.3333808 34.0506923, -117.3335773 34.0506054, -117.3335393 34.0505424, -117.3335147 34.0504099, -117.3335158 34.0503163, -117.333546 34.0502199, -117.3336008 34.0501393, -117.3336835 34.0500577, -117.3337864 34.0499956, -117.3339285 34.0499817, -117.3344318 34.0497315, -117.3343815 34.0496611, -117.3346107 34.0495786, -117.3364148 34.0491551, -117.3372774 34.0495909, -117.3379568 34.0498886, -117.3382938 34.0500172, -117.3387649 34.0501875, -117.3386177 34.0512999, -117.3391065 34.0521993, -117.3387486 34.0522539, -117.3388393 34.0524822))",POINT (-117.33623413766772 34.05102065343633)
2614,Perris Valley Regional Water Reclamation Facility,"POLYGON ((-117.2020215 33.7613629, -117.1908979 33.7547369, -117.1906743 33.7545766, -117.1903845 33.7543259, -117.19023 33.7541412, -117.1900623 33.7538893, -117.1899461 33.753641, -117.189874 33.7534098, -117.1898299 33.7531383, -117.1898225 33.7529255, -117.1898405 33.7504239, -117.1957071 33.7504227, -117.1958616 33.7504263, -117.2020449 33.7504256, -117.2020215 33.7613629))",POINT (-117.19695979437282 33.754379497525974)
2615,Deer Creek Wastewater Treatment Plant,"POLYGON ((-120.9825527 38.6268562, -120.9832887 38.6262685, -120.9838101 38.6263224, -120.9847081 38.6267224, -120.9848452 38.6267799, -120.9857901 38.6269275, -120.9860011 38.6270304, -120.9861296 38.6271656, -120.98629 38.6274682, -120.9862825 38.6276579, -120.98628 38.6277206, -120.9862286 38.6279301, -120.9855854 38.6286172, -120.9853375 38.6288102, -120.9852922 38.6288483, -120.9852057 38.6289617, -120.9851083 38.6291079, -120.9849851 38.6292083, -120.9848757 38.629341, -120.9844517 38.6295316, -120.9837518 38.6287676, -120.9834557 38.6285597, -120.9834786 38.6280096, -120.98342 38.6276571, -120.9832301 38.6275493, -120.9828617 38.6276652, -120.982816 38.6276444, -120.9827828 38.6276106, -120.9827494 38.6276239, -120.9827347 38.6276591, -120.9827078 38.6276699, -120.9826453 38.6275789, -120.9826479 38.6275407, -120.9826713 38.6274894, -120.9826899 38.6273397, -120.9826714 38.6272755, -120.9826477 38.6272443, -120.9825905 38.6272098, -120.9824595 38.6271344, -120.9824894 38.626979, -120.9825527 38.6268562))",POINT (-120.98444591692618 38.62771449974697)
2616,Waste Water Treatment Plant,"POLYGON ((-121.4230039 39.0879648, -121.4236727 39.0874249, -121.4245289 39.0873661, -121.4246493 39.0876153, -121.4258934 39.088041, -121.4259246 39.0896607, -121.4248277 39.0897023, -121.4229102 39.089768, -121.4220273 39.0892939, -121.4229771 39.0884113, -121.4230039 39.0879648))",POINT (-121.42421951921222 39.088726130044954)
2619,Plant_133950618,"POLYGON ((-117.6076353 33.5423239, -117.6080026 33.5420972, -117.6082379 33.541952, -117.608538 33.5417667, -117.6091653 33.5418733, -117.6091943 33.5418782, -117.609379 33.5420502, -117.6096417 33.5422947, -117.6098624 33.5421661, -117.6098639 33.5416738, -117.6099876 33.5415534, -117.6103888 33.5415283, -117.6104949 33.5415529, -117.6106631 33.5421718, -117.6106564 33.5423955, -117.6105773 33.5424931, -117.6105316 33.5425495, -117.6102488 33.542633, -117.6100885 33.5427107, -117.6104221 33.5434888, -117.6095459 33.5437696, -117.6094353 33.5439633, -117.6094704 33.544055, -117.6092227 33.5442579, -117.6091201 33.5442134, -117.6089617 33.544285, -117.6089303 33.544538, -117.6086318 33.5446996, -117.6082429 33.5447396, -117.6080876 33.5449368, -117.6079614 33.5450465, -117.6077692 33.5450239, -117.6067676 33.5456981, -117.6063454 33.5457405, -117.6054915 33.5461244, -117.6051217 33.5461608, -117.6047744 33.5461949, -117.604501 33.5457712, -117.604747 33.5448608, -117.6055954 33.5443711, -117.6058704 33.5441833, -117.6073509 33.5431723, -117.6075523 33.5429324, -117.6075924 33.5426756, -117.6076353 33.5423239))",POINT (-117.60770373006021 33.543903835529)
2624,Plant_147936725,"POLYGON ((-121.4647662 38.4464995, -121.4648409 38.447417, -121.4649118 38.4478472, -121.4672252 38.4478895, -121.4672286 38.4465717, -121.4688356 38.4465649, -121.4691018 38.4466841, -121.4694196 38.4469215, -121.4695202 38.4469583, -121.4699775 38.4470097, -121.4740598 38.4469803, -121.4747277 38.4488856, -121.4748625 38.449197, -121.4748484 38.4507089, -121.4749825 38.4508013, -121.4751032 38.4508223, -121.4767849 38.450816, -121.476903 38.4508875, -121.4769727 38.4509652, -121.4770398 38.450982, -121.4795584 38.4509799, -121.4792284 38.4514147, -121.4783219 38.4533325, -121.4783071 38.4537294, -121.4783031 38.4544751, -121.4782266 38.4546106, -121.4781448 38.4546704, -121.4780483 38.4547125, -121.4778471 38.4547387, -121.4769606 38.4547482, -121.4768077 38.4547702, -121.4766616 38.4548332, -121.4764979 38.4549477, -121.4764322 38.4550454, -121.4756437 38.4562321, -121.4755552 38.4563067, -121.4754184 38.4563854, -121.4752601 38.4564253, -121.4749168 38.4564694, -121.4728904 38.4567362, -121.4726543 38.4567509, -121.4724103 38.4567372, -121.4690548 38.4562626, -121.4688885 38.4562227, -121.4687276 38.4561449, -121.4685693 38.4560294, -121.4683212 38.4557868, -121.4681214 38.4556681, -121.467939 38.4556251, -121.4678398 38.4556156, -121.4655599 38.4555946, -121.4654244 38.4555621, -121.4652883 38.4554922, -121.4613077 38.4527643, -121.4609176 38.4520363, -121.4603748 38.4517577, -121.4601424 38.4516384, -121.4597202 38.4515168, -121.459102 38.445935, -121.459879 38.4458754, -121.4601097 38.4461338, -121.4602974 38.4463291, -121.4604959 38.446478, -121.4631553 38.4464769, -121.4642954 38.4464765, -121.4647662 38.4464995))",POINT (-121.46880771120144 38.45137792773652)
2625,Plant_148199560,"POLYGON ((-120.1109984 35.9767615, -120.1113151 35.9767589, -120.1146669 35.976779, -120.1156453 35.9767849, -120.1158487 35.977041, -120.1158509 35.9784937, -120.1156344 35.9785097, -120.1147796 35.9785105, -120.1146044 35.9785897, -120.111327 35.9785798, -120.1110205 35.9785773, -120.1109984 35.9767615))",POINT (-120.11339888322583 35.97767097512121)
2632,Plant_159377057,"POLYGON ((-120.7519383 35.3244487, -120.7519777 35.3244354, -120.752017 35.3244487, -120.7520333 35.3244808, -120.752017 35.3245129, -120.7519777 35.3245262, -120.7519383 35.3245129, -120.751922 35.3244808, -120.7519383 35.3244487))",POINT (-120.75197765244133 35.3244807907919)
2656,Plant_175355334,"POLYGON ((-119.3086976 35.7686097, -119.3086823 35.7708208, -119.3030673 35.7707695, -119.303025 35.76856, -119.3086976 35.7686097))",POINT (-119.3058684883699 35.7696881072485)
2658,Plant_175503094,"POLYGON ((-119.384777 35.5978649, -119.3848563 35.5924349, -119.3850914 35.592436, -119.3885213 35.5924701, -119.389282 35.5924775, -119.3892521 35.5930969, -119.3892486 35.5937021, -119.3894714 35.5937268, -119.3898304 35.5937287, -119.3902058 35.5937498, -119.3902027 35.5942665, -119.3911731 35.5942716, -119.3911354 35.5957916, -119.3911368 35.595882, -119.3893902 35.5958733, -119.3893179 35.5978714, -119.3891093 35.5978706, -119.3865081 35.5978604, -119.386264 35.5978618, -119.384999 35.5978688, -119.384777 35.5978649))",POINT (-119.38744786375091 35.59514688094287)
2659,Hill Canyon Wastewater Treatment Plant,"POLYGON ((-118.9237564 34.2114939, -118.9234905 34.2115542, -118.9233326 34.2116017, -118.9231588 34.211686, -118.9229254 34.2118792, -118.9227192 34.2120726, -118.9226592 34.2121555, -118.922619 34.212231, -118.9225782 34.2123342, -118.9225298 34.2125827, -118.9225121 34.2127424, -118.9224412 34.2130013, -118.9223862 34.213097, -118.9219156 34.213719, -118.9217947 34.2138892, -118.9217662 34.2139617, -118.9217632 34.2140205, -118.9217111 34.2140827, -118.9216404 34.2141405, -118.9216116 34.2141843, -118.9215141 34.2141456, -118.9213457 34.2145374, -118.9211338 34.2149289, -118.9210817 34.2149907, -118.9209899 34.2150167, -118.9205824 34.2149241, -118.9199978 34.214901, -118.9199131 34.2148953, -118.9198744 34.2148088, -118.9200269 34.2147126, -118.9201599 34.2141433, -118.9203352 34.2134053, -118.9214065 34.2116577, -118.9207161 34.2113823, -118.9207175 34.2108266, -118.9208046 34.2107056, -118.9216152 34.2109865, -118.9217623 34.2108672, -118.9218898 34.2108582, -118.9220324 34.210648, -118.9222731 34.2103095, -118.9226808 34.2097106, -118.9231261 34.2096374, -118.9235584 34.209398, -118.9238959 34.209329, -118.9240192 34.2092581, -118.9245074 34.2091826, -118.9248837 34.2093075, -118.9249928 34.2092994, -118.9252739 34.2092789, -118.9256666 34.2092596, -118.9263304 34.2098392, -118.9272794 34.2101916, -118.9274845 34.2110519, -118.9274101 34.2112734, -118.9270119 34.2114425, -118.9267062 34.2114268, -118.9256774 34.2109117, -118.9255561 34.2107619, -118.9242031 34.2110712, -118.9242982 34.2114229, -118.9239187 34.2114517, -118.9237564 34.2114939))",POINT (-118.92325579036952 34.21145378146592)
2660,Treasure Island Waste Water Treatment Plant,"POLYGON ((-122.3708859 37.8311434, -122.3697175 37.8294804, -122.3686302 37.8299433, -122.3689628 37.8304094, -122.3683459 37.8306551, -122.3686892 37.8311042, -122.3701346 37.8314417, -122.3708859 37.8311434))",POINT (-122.36960098409516 37.83057908200514)
2662,Plant_184367054,"POLYGON ((-121.2651432 37.7947684, -121.2675721 37.7923528, -121.2671479 37.7923573, -121.2664972 37.792256, -121.2658469 37.7921818, -121.2623298 37.7922459, -121.2622485 37.7922703, -121.261956 37.792358, -121.2590315 37.7923159, -121.2590399 37.7937391, -121.2585413 37.7937466, -121.2585981 37.7942927, -121.2586263 37.7950808, -121.2590966 37.7950815, -121.2590922 37.7959509, -121.2601102 37.7959605, -121.2601027 37.7951333, -121.260107 37.7950345, -121.2601425 37.7949895, -121.2602061 37.7949363, -121.2602957 37.7948748, -121.2604058 37.7948354, -121.2604659 37.7948173, -121.2608698 37.7948024, -121.2651432 37.7947684))",POINT (-121.26246816250723 37.79360071440068)
2663,Plant_184367310,"POLYGON ((-121.3834376 38.0893785, -121.3821974 38.0869193, -121.3817318 38.0859494, -121.3819277 38.0858885, -121.3820179 38.0859032, -121.3826861 38.0858483, -121.3842838 38.0858221, -121.3863918 38.0858451, -121.3871367 38.0858429, -121.3873108 38.0858423, -121.3872983 38.0861218, -121.3872747 38.0866536, -121.3872662 38.0868454, -121.3884554 38.0868459, -121.3884626 38.086859, -121.3885037 38.086934, -121.3885207 38.086965, -121.388817 38.0876128, -121.3891247 38.0882035, -121.3896874 38.0880426, -121.3897365 38.0929834, -121.3897866 38.0940452, -121.3896966 38.0941761, -121.3858616 38.0941856, -121.3834376 38.0893785))",POINT (-121.38645048632975 38.089753378822074)
2668,Plant_203308293,"POLYGON ((-120.6724308 35.254047, -120.6729652 35.2533044, -120.67332 35.2534747, -120.6727856 35.2542173, -120.6724308 35.254047))",POINT (-120.67287540005752 35.25376083972028)
2671,Plant_203425369,"POLYGON ((-121.3399645 36.4180571, -121.3404708 36.4179783, -121.3432638 36.4193294, -121.3454441 36.4207798, -121.3454189 36.4220691, -121.3387993 36.4221446, -121.3387593 36.4198598, -121.3379731 36.4190603, -121.3389544 36.4182473, -121.3399645 36.4180571))",POINT (-121.34150875429273 36.420387762011856)
2681,Orange County Sanitation District Plant No. 2,"POLYGON ((-117.9536606 33.6460521, -117.9542191 33.6462486, -117.9550366 33.6449194, -117.9559491 33.6439021, -117.9563431 33.6434629, -117.9568026 33.6429506, -117.9600009 33.6395308, -117.9617232 33.6376118, -117.9624897 33.6367936, -117.9624487 33.6366235, -117.9581114 33.6335368, -117.9580714 33.6334404, -117.9574402 33.6329653, -117.9573572 33.6330146, -117.9566572 33.635513, -117.9557854 33.6384293, -117.955021 33.6412188, -117.9540256 33.6447166, -117.9536606 33.6460521))",POINT (-117.95779208024696 33.63878470976691)
2682,Orange County Sanitation District Plant No. 1,"POLYGON ((-117.9403686 33.6871191, -117.9392351 33.6889706, -117.9377695 33.6912686, -117.9359199 33.6941351, -117.9366722 33.6941548, -117.9370936 33.6941153, -117.9433429 33.6940758, -117.9432894 33.6906848, -117.9432696 33.69058, -117.9431624 33.6901816, -117.943164 33.6893544, -117.9453016 33.6893168, -117.945269 33.6871322, -117.945231 33.6870934, -117.9451862 33.6870784, -117.9403686 33.6871191))",POINT (-117.94097910192454 33.69079726498223)
2684,Plant_212505830,"POLYGON ((-120.6876807 35.6490371, -120.6877282 35.6491178, -120.6875666 35.6491805, -120.6875192 35.6490997, -120.6876807 35.6490371))",POINT (-120.68762366986023 35.64910877455744)
2700,Mid-valley Water Reclamation Plant #4,"POLYGON ((-116.1214338 33.5962429, -116.1212905 33.5954944, -116.1211964 33.5948736, -116.1211122 33.594225, -116.1210317 33.5933237, -116.120989 33.5924275, -116.1209824 33.5915828, -116.121 33.5902814, -116.1209864 33.5895484, -116.1209275 33.5888298, -116.1208239 33.5881147, -116.1207347 33.5876626, -116.12063 33.5872233, -116.1204125 33.5864814, -116.1201712 33.585814, -116.119879 33.5851339, -116.1195888 33.5845506, -116.1193606 33.5841237, -116.1263802 33.5840879, -116.1262231 33.5905976, -116.1263382 33.5909081, -116.1264039 33.5909648, -116.1267439 33.5910733, -116.1267442 33.5911462, -116.1267443 33.5911758, -116.1267444 33.5912114, -116.1267521 33.593301, -116.1267523 33.5933404, -116.1267524 33.5933841, -116.126753 33.593545, -116.1254085 33.5935413, -116.1254195 33.5962449, -116.1226726 33.5962434, -116.1214338 33.5962429))",POINT (-116.12348755730392 33.589757827058214)
2701,Plant_220797070,"POLYGON ((-120.6332946 35.1412565, -120.6333182 35.14121, -120.6333736 35.1411907, -120.6333752 35.1411907, -120.6334322 35.14121, -120.6334558 35.1412566, -120.6334322 35.1413033, -120.6333825 35.1413223, -120.6333752 35.1413226, -120.6333182 35.1413033, -120.6332946 35.1412566, -120.6332946 35.1412565))",POINT (-120.63337526212925 35.141256819530106)
2709,Lompoc Waste Water Treatment Plant,"POLYGON ((-120.4857237 34.6612926, -120.4856686 34.6621371, -120.4855769 34.6621972, -120.4854852 34.6622217, -120.4851786 34.6622403, -120.4848511 34.6624523, -120.48483 34.6629536, -120.4847688 34.6630646, -120.4845674 34.6631105, -120.4840826 34.6630906, -120.4822744 34.6630866, -120.4812953 34.6629478, -120.4808769 34.6628764, -120.4804776 34.6628355, -120.4791967 34.6627459, -120.4786426 34.6624918, -120.47837 34.6622153, -120.4782756 34.6618706, -120.4782579 34.6616098, -120.478265 34.6614019, -120.4783365 34.661269, -120.4785135 34.6612393, -120.4812455 34.6612621, -120.483012 34.6612675, -120.4843381 34.6612618, -120.4857237 34.6612926))",POINT (-120.48202172442839 34.66207541256718)
2710,Southeast Water Pollution Control,"POLYGON ((-122.3932079 37.741068, -122.3927986 37.7415269, -122.3921476 37.7422207, -122.3904677 37.744053, -122.3885853 37.7429597, -122.3912548 37.7399788, -122.3932079 37.741068))",POINT (-122.39088686151892 37.74200950626435)
2779,Plant_241050333,"POLYGON ((-119.8973141 36.6992705, -119.8977547 36.6992675, -119.898344 36.6993737, -119.8984295 36.6999477, -119.8983742 36.7004442, -119.8981486 36.7007214, -119.8979478 36.7008286, -119.8964708 36.7008136, -119.8955518 36.7008452, -119.8952971 36.7008017, -119.895231 36.7006144, -119.8952541 36.7002339, -119.8953914 36.6998622, -119.8954024 36.6995523, -119.8956937 36.6993148, -119.89682 36.6992935, -119.8969248 36.699471, -119.8971971 36.6994613, -119.8973141 36.6992705))",POINT (-119.8968414192942 36.70007810986766)
2783,UC Davis Wastewater Treatment Plant,"POLYGON ((-121.7548048 38.5241207, -121.7534308 38.5241044, -121.7528922 38.524098, -121.7528129 38.524106, -121.7527519 38.5240591, -121.7528042 38.5236858, -121.7528822 38.5231291, -121.75289 38.5224589, -121.7529055 38.5220995, -121.7530613 38.522002, -121.7534777 38.521987, -121.7535239 38.521965, -121.7536111 38.5218023, -121.7536708 38.5217556, -121.7537982 38.5217189, -121.753988 38.5216969, -121.7541851 38.5217074, -121.7542656 38.521711, -121.7551688 38.5217577, -121.7553177 38.5217394, -121.7559163 38.5215199, -121.7560623 38.5214519, -121.7562048 38.5213688, -121.756311 38.5213048, -121.7563974 38.5212774, -121.756534 38.52125, -121.7568204 38.5212227, -121.7568104 38.5218739, -121.7548048 38.5241207))",POINT (-121.75456687806738 38.52274190590397)
2784,Plant_259445350,"POLYGON ((-124.1600365 40.5906366, -124.1592417 40.5903555, -124.1591744 40.5902981, -124.1591786 40.590223, -124.1592123 40.5901336, -124.1592354 40.590049, -124.159309 40.5900138, -124.15933 40.58995, -124.1593637 40.5898446, -124.1594352 40.5896833, -124.1595172 40.5896146, -124.1596812 40.5896258, -124.159883 40.5896801, -124.1600597 40.5897184, -124.1602952 40.5897072, -124.1605118 40.5897104, -124.1606442 40.5897919, -124.1607746 40.5899212, -124.1607389 40.5900426, -124.1601354 40.5906142, -124.1600365 40.5906366))",POINT (-124.15994277537075 40.59009198687673)
2786,Needles Waste Water Treatment Plant,"POLYGON ((-114.5939399 34.8301409, -114.5928429 34.8301115, -114.5928364 34.8297662, -114.5927875 34.8297141, -114.5919855 34.8297127, -114.5919822 34.8290705, -114.5916899 34.8290305, -114.591351 34.8279954, -114.5922109 34.8277778, -114.5925682 34.8287769, -114.5925728 34.8290664, -114.592812 34.8290693, -114.5928065 34.8294833, -114.5930347 34.829489, -114.593037 34.8295287, -114.5933689 34.829523, -114.5936617 34.8296101, -114.5939798 34.8298334, -114.5939399 34.8301409))",POINT (-114.59246046692935 34.82906406883081)
2788,Regional Treatment Plant,"POLYGON ((-117.7064354 33.5364025, -117.7061554 33.5372175, -117.7061785 33.5382845, -117.7058386 33.53831, -117.7056659 33.5384171, -117.7057378 33.5390183, -117.7057032 33.5401464, -117.7055083 33.5402859, -117.7052399 33.5402781, -117.7042075 33.5396823, -117.7044541 33.538657, -117.7052393 33.5370613, -117.7057407 33.5364266, -117.7064354 33.5364025))",POINT (-117.70533115956523 33.53842963932411)
2789,River Reclamation Facility No.2,"POLYGON ((-117.557174 33.8827281, -117.5570385 33.8827476, -117.5568953 33.882777, -117.5566362 33.8828356, -117.5562318 33.8829301, -117.5559355 33.8830002, -117.5555802 33.8830914, -117.555539 33.8829692, -117.5554997 33.8828275, -117.5554546 33.8826254, -117.5554035 33.8823174, -117.5553564 33.8816819, -117.5554075 33.8809128, -117.5554781 33.8807466, -117.5556823 33.8804663, -117.5559335 33.8805006, -117.5562515 33.8805739, -117.5566421 33.8808183, -117.5568207 33.8809829, -117.5569934 33.8812127, -117.5572289 33.8815255, -117.5574075 33.8817422, -117.5574409 33.8817895, -117.5572113 33.8827232, -117.557174 33.8827281))",POINT (-117.55626423922863 33.88181728596694)
2793,Plant_291231765,"POLYGON ((-120.7509607 35.3235049, -120.7506231 35.3232271, -120.7504443 35.3233683, -120.7507876 35.3236532, -120.7509607 35.3235049))",POINT (-120.7507038507109 35.32343881197361)
2797,June Lake Wastewater Treatment Facility,"POLYGON ((-119.0934827 37.8786802, -119.0927961 37.8748862, -119.0924742 37.8748862, -119.0920665 37.8735651, -119.0907147 37.8733788, -119.0918948 37.8787141, -119.0934827 37.8786802))",POINT (-119.09212724125386 37.876164009199506)
2798,Plant_303864915,"POLYGON ((-117.3340278 33.247616, -117.3347788 33.2482441, -117.33512 33.2491077, -117.3342209 33.2491862, -117.3340278 33.247616))",POINT (-117.33449962335018 33.24856334951146)
2804,Oro Loma Sanitary District,"POLYGON ((-122.1613104 37.6681431, -122.1612259 37.6672559, -122.1612038 37.6671507, -122.1610801 37.6665631, -122.1606425 37.6659797, -122.1601589 37.6658704, -122.1578659 37.6659508, -122.1551113 37.6660267, -122.1564593 37.6681127, -122.1567774 37.6680539, -122.1569919 37.6680226, -122.1572962 37.6679917, -122.1573374 37.6681062, -122.1583099 37.6679113, -122.1585693 37.6686412, -122.1586421 37.6686058, -122.1587772 37.6687614, -122.1579832 37.6693202, -122.1583218 37.669629, -122.1613104 37.6681431))",POINT (-122.15861455153895 37.66725685356633)
2826,Ukiah Wastewater Treatment Plant,"POLYGON ((-123.1935272 39.1140528, -123.184456 39.1148776, -123.1834567 39.1137456, -123.1830676 39.1128721, -123.1830127 39.1125154, -123.1830258 39.1123432, -123.1834358 39.111571, -123.1836866 39.111296, -123.1841029 39.1110209, -123.1847034 39.1107945, -123.1860594 39.1104672, -123.1864705 39.1102622, -123.186984 39.1097833, -123.1872882 39.1092957, -123.1871164 39.1084253, -123.1902432 39.1080344, -123.1919736 39.1112032, -123.1924934 39.1123357, -123.1922715 39.1123771, -123.1923351 39.1126426, -123.1923723 39.1127379, -123.1925169 39.1130237, -123.1925377 39.1130656, -123.1927611 39.1132985, -123.1927638 39.1133037, -123.1929084 39.1136177, -123.1932554 39.1135151, -123.1935272 39.1140528))",POINT (-123.18812058090055 39.11196118115111)
2856,Ryder Street treatment plant,"POLYGON ((-122.2493127 38.0906137, -122.2494924 38.0901693, -122.2504298 38.0896394, -122.2518326 38.0909715, -122.2519359 38.0909082, -122.2528049 38.0918634, -122.2531925 38.0922803, -122.252412 38.0927236, -122.2529363 38.0932883, -122.2527016 38.0934276, -122.2527191 38.0934497, -122.2522443 38.0937178, -122.2522537 38.0937337, -122.2521116 38.0938075, -122.2521022 38.0937959, -122.2518527 38.0939458, -122.2506833 38.0931479, -122.250631 38.0930856, -122.2505827 38.0931099, -122.2494709 38.0923098, -122.2506726 38.0916111, -122.2500449 38.0909546, -122.2496319 38.0908279, -122.2493127 38.0906137))",POINT (-122.25122620319948 38.09188856028931)
2867,City of Benicia Wastewater Treatment Plant,"POLYGON ((-122.1514231 38.0444973, -122.1506072 38.0441174, -122.1498223 38.0440852, -122.1497229 38.0441067, -122.1491564 38.0440852, -122.1489972 38.0443038, -122.1489365 38.0443301, -122.1488743 38.0444125, -122.1488698 38.0444746, -122.1485353 38.0449255, -122.1485798 38.0449452, -122.1496532 38.0454206, -122.149597 38.0455078, -122.1499102 38.0456356, -122.1500809 38.0457873, -122.1500536 38.0458285, -122.1503288 38.0459449, -122.1503834 38.0459378, -122.1514231 38.0444973))",POINT (-122.15001389817554 38.04483124272282)
2868,Plant_438360048,"POLYGON ((-117.2173012 33.8732812, -117.2171188 33.8594461, -117.2135139 33.8594016, -117.2134603 33.8724527, -117.2139001 33.8729605, -117.2146941 33.8732722, -117.2173012 33.8732812))",POINT (-117.21535839555777 33.86637521917012)
2870,Central Marin Sanitation Agency,"POLYGON ((-122.4971093 37.9507602, -122.4965743 37.9511628, -122.4917402 37.9467063, -122.493655 37.9467628, -122.4945546 37.9471589, -122.494855 37.9472562, -122.4958313 37.9471758, -122.4963479 37.9474481, -122.4963463 37.9479119, -122.4972368 37.948593, -122.4973226 37.9491048, -122.4971563 37.9493967, -122.4971778 37.9499593, -122.4970238 37.9505107, -122.4971093 37.9507602))",POINT (-122.49517828558832 37.948557667044305)
2871,Plant_445337104,"POLYGON ((-117.6058865 33.8904575, -117.6053896 33.8908475, -117.6066976 33.8918216, -117.6064016 33.8921656, -117.6063585 33.892322, -117.6063854 33.892474, -117.6065092 33.8926974, -117.6067245 33.8929476, -117.6083933 33.8943551, -117.6082241 33.8945537, -117.608621 33.8948208, -117.6094219 33.8949094, -117.6100657 33.8947937, -117.6134453 33.8934311, -117.6137656 33.8931889, -117.6139432 33.8929834, -117.6141047 33.8926348, -117.6141585 33.8923444, -117.6141208 33.8921254, -117.6140455 33.8919288, -117.6129958 33.891339, -117.6129958 33.8912854, -117.6130227 33.8912139, -117.6134211 33.8907983, -117.6133995 33.8907268, -117.6133188 33.8907, -117.6132434 33.8907313, -117.6127805 33.8909726, -117.6122583 33.8914775, -117.6100841 33.8898047, -117.6097431 33.8896868, -117.6096852 33.8897571, -117.6094457 33.8895656, -117.6094042 33.8895124, -117.6072533 33.8914657, -117.6058865 33.8904575))",POINT (-117.60999364661731 33.892361238847386)
2873,City of Rialto Wastewater Treatment Plant,"POLYGON ((-117.3614686 34.055865, -117.3615115 34.0542228, -117.3623162 34.0542005, -117.3623082 34.0519205, -117.3623237 34.0513694, -117.3617443 34.0513627, -117.3613587 34.0517027, -117.3612299 34.0522361, -117.3596843 34.0528227, -117.359518 34.0540717, -117.3598646 34.0545522, -117.3595318 34.05472, -117.3595435 34.0548078, -117.3601091 34.0556433, -117.3604326 34.0558811, -117.3613444 34.0558669, -117.3614686 34.055865))",POINT (-117.36098864636476 34.05371654069438)
2880,3A Treatment Plant,"POLYGON ((-117.6733543 33.5746503, -117.6731619 33.5769697, -117.6731436 33.5772836, -117.673135 33.5775426, -117.6731215 33.5779927, -117.6731342 33.5787082, -117.6730894 33.5787138, -117.6730657 33.5787167, -117.672867 33.5779839, -117.6724995 33.5770991, -117.6724979 33.5754263, -117.6724457 33.5751953, -117.6724341 33.5749533, -117.6724756 33.574726, -117.6726446 33.5745839, -117.6732245 33.5747795, -117.6732899 33.5746458, -117.6733543 33.5746503))",POINT (-117.67288058934848 33.576221242072066)
2882,Central Costa Costa Sanitary District,"POLYGON ((-122.0701568 38.0041512, -122.070189 38.0040591, -122.0702144 38.003967, -122.0702195 38.0038909, -122.0702127 38.0038068, -122.0702008 38.0037, -122.0701974 38.0035839, -122.0702008 38.0034277, -122.0702144 38.0029992, -122.0702132 38.0024676, -122.0702127 38.0022489, -122.0702212 38.0015187, -122.0702246 38.0010875, -122.0702212 38.0007377, -122.0702051 38.0006664, -122.0701983 38.0006194, -122.0701983 38.000581, -122.0702091 38.0005372, -122.0703094 38.0002937, -122.0703311 38.0002606, -122.0703658 38.0002318, -122.070367 38.0001906, -122.0703677 38.0001652, -122.0703531 38.0000957, -122.0703287 38.0000448, -122.0702864 37.9999888, -122.0702068 37.9999127, -122.0700934 37.9998048, -122.0699598 37.9998851, -122.0697985 37.9999684, -122.0696156 38.0000464, -122.0694285 38.0001169, -122.0685232 38.0004298, -122.0671904 38.000882, -122.0663622 38.0011629, -122.0668292 38.0020701, -122.0671712 38.0023962, -122.067756 38.0025071, -122.0653079 38.0033375, -122.0649085 38.0035265, -122.0660788 38.0058039, -122.0659888 38.0057988, -122.0659054 38.0058022, -122.0658197 38.0058142, -122.0657199 38.0058381, -122.0650249 38.0060449, -122.0638722 38.0063856, -122.0639992 38.00652, -122.0643624 38.0069343, -122.0645366 38.007133, -122.0649402 38.0075931, -122.0650392 38.007557, -122.0660226 38.0072161, -122.0670061 38.0068761, -122.0676029 38.006677, -122.0679261 38.0065583, -122.0681483 38.0064677, -122.0682611 38.0064122, -122.068506 38.0062764, -122.0686934 38.0057775, -122.0687477 38.0053135, -122.0688106 38.005264, -122.0688475 38.0052153, -122.06888 38.0051333, -122.0689039 38.0050214, -122.0689299 38.0048155, -122.0689299 38.0046232, -122.0689202 38.0044353, -122.0691899 38.0044435, -122.0695498 38.0044695, -122.0697332 38.0044783, -122.0698872 38.0044684, -122.0701271 38.0044193, -122.0701246 38.0043328, -122.0701314 38.0042407, -122.0701568 38.0041512))",POINT (-122.06766721990704 38.003769149500684)
2892,San Jacinto Valley Regional Water Reclamation Facility,"POLYGON ((-117.0070902 33.8001032, -117.0243676 33.8001723, -117.0243314 33.7965815, -117.0180656 33.7964506, -117.0155719 33.7964016, -117.0155584 33.7944225, -117.0070682 33.7977715, -117.0070764 33.7989391, -117.0070871 33.7998908, -117.0070902 33.8001032))",POINT (-117.0158018510437 33.79815212590829)
2893,Tahoe-Truckee Sanitation Agency,"POLYGON ((-120.1320261 39.3365424, -120.1321538 39.3368117, -120.1322535 39.3370218, -120.1321778 39.3371609, -120.1318388 39.337784, -120.1316286 39.3379472, -120.1312324 39.3382549, -120.1307285 39.3386462, -120.1299252 39.33902, -120.1296129 39.3391654, -120.1286307 39.3398569, -120.1282027 39.340288, -120.1282027 39.3409467, -120.1275918 39.3414778, -120.1271681 39.3413571, -120.1265706 39.3418468, -120.1262017 39.342199, -120.1235676 39.3444539, -120.1235903 39.3411003, -120.1235848 39.3393261, -120.1252525 39.3383932, -120.1261177 39.3390707, -120.1266878 39.3386205, -120.1278382 39.3375962, -120.128476 39.3369611, -120.1291583 39.3375253, -120.1292806 39.3376166, -120.1301518 39.3369677, -120.1304438 39.3367232, -120.1306455 39.3364437, -120.1320261 39.3365424))",POINT (-120.12694468713228 39.33985863089233)
2899,Palm Springs Wastewater Treatment,"POLYGON ((-116.4939851 33.8038498, -116.494175 33.8034432, -116.4944657 33.8029797, -116.4946671 33.8026046, -116.4947463 33.8026033, -116.4949224 33.8026568, -116.4955468 33.8028446, -116.496155 33.8030195, -116.4972977 33.8033328, -116.4984262 33.8036414, -116.4986444 33.8037024, -116.4988514 33.8037704, -116.4992397 33.8038995, -116.5002697 33.8043111, -116.5010161 33.8046526, -116.5017811 33.8049815, -116.5017618 33.806369, -116.5016262 33.806372, -116.501465 33.806395, -116.5013754 33.8064186, -116.5013054 33.8064492, -116.5012526 33.8064714, -116.5011653 33.8065174, -116.5010718 33.8065798, -116.5009768 33.8066646, -116.5009063 33.8067483, -116.5008531 33.806832, -116.5008247 33.8068796, -116.5008013 33.8069273, -116.5007823 33.8070009, -116.5007733 33.8070725, -116.5007617 33.8072337, -116.5007639 33.8073058, -116.4988457 33.8073076, -116.4987828 33.807546, -116.4974835 33.8075561, -116.497464 33.8071375, -116.4974653 33.8067074, -116.4974378 33.8066973, -116.4973608 33.8065941, -116.497359 33.8056427, -116.4973625 33.8049273, -116.4951781 33.8049334, -116.4951352 33.8039135, -116.4939851 33.8038498))",POINT (-116.49832267339316 33.80513422769737)
2900,Clear Creek Wastewater Treatment Plant,"POLYGON ((-122.3721806 40.5022277, -122.3718635 40.5024885, -122.3715703 40.5027287, -122.3710511 40.5031588, -122.3707423 40.5034141, -122.370339 40.5037464, -122.3701135 40.5039334, -122.3698912 40.5041156, -122.3697029 40.5042728, -122.3695384 40.5044119, -122.3693768 40.5045429, -122.3692707 40.5046227, -122.3691801 40.5046635, -122.3690766 40.504703, -122.3690019 40.5047247, -122.3689638 40.5047296, -122.3688601 40.5047473, -122.3687903 40.5047756, -122.368751 40.5047881, -122.3686926 40.5047713, -122.3685561 40.5047432, -122.3684136 40.5047151, -122.3683159 40.5046884, -122.3682533 40.5046585, -122.3682038 40.5046299, -122.3681758 40.504605, -122.3681227 40.5045538, -122.3680613 40.5044817, -122.3679424 40.5043508, -122.3678444 40.5042429, -122.3676948 40.5040766, -122.3676125 40.5040349, -122.3674039 40.5039216, -122.3672531 40.5038001, -122.3672031 40.5037592, -122.3671114 40.5036805, -122.3669295 40.5035114, -122.3668802 40.5035294, -122.366824 40.5035368, -122.3667718 40.5035323, -122.3667324 40.503518, -122.366244 40.5030794, -122.3649935 40.501997, -122.3635876 40.5009554, -122.3632852 40.5007481, -122.3632461 40.5008125, -122.3629761 40.5006002, -122.3615602 40.4995254, -122.3613341 40.4993665, -122.3608493 40.4990806, -122.3595954 40.4984069, -122.3587716 40.4979919, -122.357886 40.497581, -122.3570252 40.4970292, -122.3550271 40.4957484, -122.3549432 40.495698, -122.3550792 40.4955544, -122.3551501 40.4954916, -122.3552641 40.4953856, -122.3553149 40.495355, -122.355435 40.4953198, -122.3555054 40.4953166, -122.3559941 40.4953034, -122.3565097 40.4952908, -122.3569287 40.4952803, -122.3573466 40.4952695, -122.3577918 40.4952595, -122.3582794 40.4952463, -122.358603 40.4952382, -122.3590429 40.4952273, -122.3593433 40.4952191, -122.3596378 40.4952119, -122.3597548 40.4952069, -122.3598561 40.4952029, -122.3602451 40.4951928, -122.360691 40.4951797, -122.3611469 40.4951684, -122.3615904 40.495157, -122.3620219 40.4951439, -122.3622371 40.4951398, -122.3623462 40.4951434, -122.3624165 40.4951484, -122.3624791 40.4951598, -122.3625196 40.4951697, -122.3625828 40.4951897, -122.3626234 40.4952042, -122.3626669 40.4952237, -122.3627134 40.4952513, -122.3629363 40.4953728, -122.3630836 40.4954548, -122.3632009 40.4955201, -122.3633636 40.4956112, -122.3635264 40.4957019, -122.363763 40.4958347, -122.3640253 40.495982, -122.36416 40.4960604, -122.3643382 40.4961601, -122.3644365 40.4962245, -122.3644693 40.4962494, -122.364775 40.4965282, -122.3649533 40.4966968, -122.3652573 40.4969905, -122.3654754 40.4972139, -122.3656799 40.497436, -122.3658843 40.4976631, -122.3664285 40.4981788, -122.366695 40.4985209, -122.3668732 40.4987679, -122.3670556 40.4990854, -122.3670782 40.4991353, -122.3670871 40.4991675, -122.3670967 40.499249, -122.3671074 40.4993963, -122.3671345 40.5002371, -122.3671399 40.5005697, -122.3672251 40.5008753, -122.3674905 40.5015719, -122.367537 40.5017047, -122.3675811 40.5018828, -122.3676192 40.5020545, -122.367658 40.5023206, -122.3677033 40.5025821, -122.3677647 40.502917, -122.3677723 40.5029875, -122.3678101 40.5029882, -122.367848 40.5029911, -122.3680858 40.5027931, -122.3683705 40.5025592, -122.3685269 40.5024296, -122.3685936 40.5023711, -122.3686169 40.5023557, -122.3688076 40.502198, -122.3690508 40.5019968, -122.3693268 40.5017706, -122.3696295 40.5015186, -122.3698125 40.5013645, -122.3698848 40.5014128, -122.3701798 40.5011745, -122.37041 40.5009983, -122.3704293 40.5010114, -122.3715132 40.5017574, -122.3721806 40.5022277))",POINT (-122.36378127731003 40.49908676896431)
2902,Mountain View Sanitation District,"POLYGON ((-122.1020531 38.0186418, -122.1017041 38.0186511, -122.1006659 38.018794, -122.1001747 38.0188114, -122.0987269 38.0187772, -122.0966981 38.0188136, -122.0964571 38.0188179, -122.0965839 38.0189025, -122.0967133 38.0189865, -122.0968442 38.0190674, -122.096977 38.0191448, -122.0971133 38.0192214, -122.097253 38.0192951, -122.097394 38.0193661, -122.0975377 38.0194342, -122.0976779 38.0194973, -122.0978255 38.0195609, -122.0979732 38.0196223, -122.1005264 38.0206512, -122.1013873 38.0210025, -122.1038109 38.0219577, -122.1042543 38.0215656, -122.1047965 38.0211347, -122.1048842 38.0196273, -122.1049765 38.0187502, -122.1037346 38.0186947, -122.1032373 38.0186725, -122.1030902 38.0186659, -122.1021423 38.0186423, -122.1020531 38.0186418))",POINT (-122.10184313171628 38.01988207382249)
2905,Plant_590238360,"POLYGON ((-121.8385881 38.018421, -121.8400097 38.015843, -121.8415278 38.0142835, -121.8426758 38.0132269, -121.8428314 38.0133114, -121.8428206 38.0159804, -121.8428233 38.0164157, -121.842775 38.0165911, -121.8430272 38.016627, -121.843117 38.0164283, -121.844084 38.0164237, -121.8442288 38.0164231, -121.8442272 38.0164715, -121.8442272 38.01702, -121.8437889 38.0170158, -121.843797 38.0176075, -121.8437567 38.0176941, -121.843636 38.0177512, -121.84351 38.0177638, -121.8429118 38.0177617, -121.8427938 38.0178061, -121.8427455 38.0179054, -121.8427455 38.018533, -121.8385828 38.0185393, -121.8385881 38.018421))",POINT (-121.8414800133437 38.01662935838235)
2908,City of Alturas Wastewater Treatment Plant,"POLYGON ((-120.5591262 41.4739853, -120.5589493 41.4740572, -120.5589998 41.4742541, -120.5587876 41.4743904, -120.558646 41.4744775, -120.558545 41.4746025, -120.5582266 41.4746063, -120.5578778 41.4744927, -120.5577262 41.4742996, -120.5577111 41.4741292, -120.5578981 41.4739512, -120.5582114 41.4737391, -120.5591919 41.472906, -120.5596568 41.4732355, -120.5591262 41.473705, -120.5590453 41.4737656, -120.5591211 41.4738717, -120.5591262 41.4739853))",POINT (-120.55863949470022 41.47385247709034)
2909,Anderson Wastewater Treatment Plant,"POLYGON ((-122.2762013 40.4647967, -122.2746037 40.4657459, -122.2725649 40.4643857, -122.2736756 40.4634018, -122.2743831 40.4638706, -122.2748547 40.4635754, -122.2762013 40.4647967))",POINT (-122.27438541922666 40.464546007014036)
2911,Redding Stillwater Treatment Plant,"POLYGON ((-122.2855103 40.4749537, -122.2854549 40.4750156, -122.2853914 40.4751779, -122.2854012 40.4759545, -122.2854354 40.4760313, -122.2878454 40.4760264, -122.288298 40.4762307, -122.2887377 40.4762679, -122.2892585 40.4766908, -122.2901576 40.477675, -122.2902765 40.4776155, -122.2905028 40.4778199, -122.2905696 40.4778571, -122.291234 40.4778546, -122.2921198 40.4770185, -122.2912747 40.4760982, -122.2912535 40.4760288, -122.2908399 40.4755854, -122.2890976 40.4755693, -122.2888207 40.4755012, -122.2883225 40.4757638, -122.2883208 40.475111, -122.2882654 40.4751047, -122.2882329 40.4751011, -122.2880668 40.4749648, -122.2878844 40.4749277, -122.2864612 40.4749103, -122.2864287 40.4750206, -122.2855103 40.4749537))",POINT (-122.28902111871778 40.47617238908393)
2912,Plant_630524137,"POLYGON ((-117.524227 34.0830235, -117.5241925 34.0859919, -117.5242444 34.0859927, -117.5242444 34.0860491, -117.5242972 34.0860499, -117.5242962 34.086103, -117.5275189 34.0861097, -117.5275336 34.0830343, -117.524227 34.0830235))",POINT (-117.52586868751322 34.084567918759355)
2913,Plant_639270640,"POLYGON ((-121.3286179 37.9343733, -121.3270454 37.9344665, -121.3270641 37.9350632, -121.3269028 37.9352176, -121.326872 37.9353828, -121.3251405 37.9354168, -121.3251651 37.9373663, -121.3282695 37.9373927, -121.328754 37.93746, -121.3292706 37.9376101, -121.3337716 37.9368376, -121.3336068 37.9365147, -121.333403 37.9362827, -121.3331173 37.936155, -121.3311545 37.9358386, -121.3305181 37.9356714, -121.3292409 37.9349546, -121.3288648 37.9346524, -121.3286179 37.9343733))",POINT (-121.32874872611498 37.93625699173206)
2919,Rosamond Wastewater Treatment Plant,"POLYGON ((-118.1893455 34.8753356, -118.1935538 34.8752597, -118.1935428 34.8728564, -118.1935327 34.8723574, -118.1935361 34.8712766, -118.1892783 34.8713538, -118.1892786 34.8747864, -118.1893397 34.8747891, -118.1893455 34.8753356))",POINT (-118.19141522949124 34.873304836507025)
2920,Corning Wastewater Treatment Plant,"POLYGON ((-122.1008071 39.9140441, -122.1007327 39.9140652, -122.1006784 39.9140909, -122.1006442 39.9141274, -122.1006281 39.9141619, -122.1006241 39.9142102, -122.1006288 39.9142473, -122.1006449 39.9142833, -122.1006864 39.9143429, -122.1010552 39.9147662, -122.1011022 39.914831, -122.101361 39.9151926, -122.1013473 39.9151995, -122.1014717 39.9153669, -122.1019506 39.9159347, -122.1021094 39.916123, -122.1026377 39.916754, -122.1032681 39.917349, -122.1033277 39.9173778, -122.1033955 39.9173886, -122.1038991 39.9173907, -122.1040352 39.9173778, -122.1041056 39.9173526, -122.1042008 39.9175877, -122.1053046 39.9176104, -122.1059952 39.9176211, -122.1059981 39.9164858, -122.1059986 39.9164354, -122.1067033 39.9164385, -122.1066991 39.9158342, -122.1067003 39.9157496, -122.1067417 39.9157608, -122.1067925 39.915769, -122.1079794 39.9157789, -122.1080639 39.9157737, -122.1081182 39.9157655, -122.1081644 39.9157398, -122.1081892 39.9157074, -122.1082013 39.9156765, -122.1082147 39.9156128, -122.1082262 39.9152708, -122.1082496 39.9145764, -122.1082563 39.9143157, -122.1082523 39.9142812, -122.1082369 39.9142488, -122.1082161 39.9142226, -122.1081772 39.9141989, -122.108109 39.9141837, -122.1079278 39.9141783, -122.1077621 39.9141773, -122.1071237 39.9141722, -122.1071224 39.9140806, -122.1067803 39.9140708, -122.1065805 39.9140672, -122.1051411 39.9140416, -122.1050526 39.91404, -122.1047862 39.9140352, -122.1047771 39.9142349, -122.1046379 39.9142314, -122.104572 39.9142297, -122.1045706 39.9141168, -122.1044932 39.9141074, -122.102905 39.9140632, -122.1019267 39.9140516, -122.1009392 39.9140411, -122.1008071 39.9140441))",POINT (-122.10457430672771 39.915482760433015)
2921,Plant_668191389,"POLYGON ((-122.3784476 37.9213613, -122.3795483 37.9208027, -122.37972 37.9204472, -122.3796986 37.9200918, -122.379484 37.9198378, -122.3795054 37.9194938, -122.3780828 37.9176656, -122.3777754 37.917344, -122.377306 37.9171472, -122.3767524 37.9170113, -122.3761945 37.9170224, -122.3761902 37.9172094, -122.376452 37.9173833, -122.3768382 37.9176034, -122.377239 37.917705, -122.3772416 37.9178243, -122.3764021 37.9182809, -122.3771816 37.9192797, -122.3768554 37.9193931, -122.3771423 37.9198238, -122.3774434 37.919734, -122.3776719 37.9197961, -122.3779285 37.9199064, -122.3786459 37.920725, -122.3782167 37.9209344, -122.3783215 37.921159, -122.3784476 37.9213613))",POINT (-122.37807920880276 37.919088012508176)
2938,Plant_723852046,"POLYGON ((-121.7142689 38.6607913, -121.7103733 38.6606835, -121.7103344 38.6621487, -121.7104675 38.6622998, -121.7135848 38.662317, -121.7142434 38.6623278, -121.7142689 38.6607913))",POINT (-121.71229000456754 38.66152292420414)
2939,Plant_728873581,"POLYGON ((-117.674902 33.9682408, -117.672691 33.9682578, -117.6727085 33.964594, -117.6714921 33.9645984, -117.6714693 33.9630156, -117.6745757 33.962994, -117.6749054 33.9633698, -117.6749166 33.9634414, -117.6750141 33.9635524, -117.6750911 33.9635839, -117.6754153 33.9639554, -117.6755472 33.9641411, -117.675553 33.9652558, -117.6755834 33.9662386, -117.6755342 33.9664648, -117.6749174 33.9666428, -117.674902 33.9682408))",POINT (-117.67375090316077 33.96535006394182)
2946,Elsinore Valley Municipal Water District,"POLYGON ((-117.3395216 33.6797537, -117.3381429 33.6809694, -117.3382106 33.6809582, -117.3415953 33.6836226, -117.3420498 33.6841411, -117.3426582 33.6846595, -117.3452384 33.6865869, -117.3475986 33.6883861, -117.3489767 33.6871663, -117.3465138 33.6858489, -117.3452237 33.6850743, -117.3443588 33.6841289, -117.3436111 33.6835495, -117.3434425 33.683092, -117.3425043 33.6821344, -117.3406278 33.680701, -117.3395216 33.6797537))",POINT (-117.34331334533336 33.68403369961348)
2948,El Estero Wastewater Treatment Plant,"POLYGON ((-119.6868476 34.4182181, -119.6849339 34.4187503, -119.6848521 34.4187226, -119.6847877 34.4186596, -119.6846589 34.4183598, -119.6846687 34.4182274, -119.6850629 34.4178401, -119.6852239 34.4177008, -119.6852266 34.4176344, -119.6846182 34.4171567, -119.6843804 34.4169761, -119.6842474 34.4166761, -119.6840568 34.4166947, -119.6838677 34.4166748, -119.6838114 34.4166239, -119.6837913 34.4165221, -119.6837282 34.4163042, -119.6839951 34.4162301, -119.6856748 34.4158832, -119.6857747 34.4158816, -119.6859102 34.41728, -119.6864346 34.4177442, -119.6868476 34.4182181))",POINT (-119.685307651073 34.41727715056273)
2954,City of Redlands Wastewater Treatment and Disposal Facility,"POLYGON ((-117.2174799 34.0912515, -117.2157902 34.0913448, -117.2153074 34.0913537, -117.2140038 34.0915003, -117.2121531 34.0915625, -117.21185 34.0908095, -117.2118393 34.0901409, -117.2130945 34.0903141, -117.2130885 34.0893879, -117.2130838 34.088466, -117.2172399 34.0884727, -117.2172117 34.0900165, -117.2173566 34.089992, -117.2173324 34.0902497, -117.2174799 34.0912515))",POINT (-117.21486492598657 34.090046800804785)
2957,4S Ranch Water Reclamation Facility,"POLYGON ((-117.1099282 33.0138908, -117.1109614 33.0144552, -117.1119109 33.0145451, -117.1120316 33.0139154, -117.1120825 33.0132654, -117.1120701 33.0130618, -117.1103484 33.0121945, -117.1102513 33.0125302, -117.1099282 33.0138908))",POINT (-117.11103731273144 33.013484724584494)
2959,Michelson Water Reclamation Plant,"POLYGON ((-117.8397727 33.6615027, -117.8409218 33.6623164, -117.8411184 33.6624832, -117.8417129 33.6628997, -117.8417713 33.6629745, -117.8418575 33.6630533, -117.8418459 33.6630928, -117.841783 33.6630771, -117.8417309 33.6630806, -117.8416761 33.6631018, -117.8412183 33.6635801, -117.8411137 33.663771, -117.8410345 33.6637677, -117.8404333 33.6643864, -117.8403182 33.6644485, -117.8403447 33.6644801, -117.8402972 33.6645474, -117.8402924 33.6645786, -117.8403061 33.6646009, -117.8405236 33.6648124, -117.8406698 33.6650156, -117.8407958 33.6651211, -117.8410164 33.665212, -117.8411163 33.6652723, -117.8411556 33.6653326, -117.841167 33.6654163, -117.8411489 33.6654794, -117.8409762 33.6656733, -117.8407081 33.6658536, -117.8406492 33.6659162, -117.8405343 33.6661357, -117.8405092 33.66617, -117.8401831 33.6664571, -117.8400774 33.6665331, -117.8395419 33.6671224, -117.83944 33.6670264, -117.8393005 33.6671229, -117.8390872 33.6673328, -117.8390269 33.6673506, -117.8389893 33.6673428, -117.8387828 33.6671642, -117.8386031 33.6671173, -117.8384985 33.6670582, -117.8382531 33.6668852, -117.8383014 33.666826, -117.8370273 33.6659376, -117.8368691 33.6658315, -117.8367759 33.6658117, -117.8367435 33.6655989, -117.8370361 33.6650192, -117.8372022 33.6646153, -117.8371907 33.6644813, -117.8376869 33.6636941, -117.8380711 33.6632037, -117.8397727 33.6615027))",POINT (-117.83923423741552 33.66451158164262)
2960,City of San Bernardino Wastewater Treatment Plant,"POLYGON ((-117.2909939 34.0776274, -117.2903126 34.0767177, -117.290884 34.0764677, -117.2908893 34.0762456, -117.2913373 34.0762567, -117.2913882 34.0703802, -117.2904293 34.0703702, -117.2899291 34.0707024, -117.2878772 34.0721687, -117.287389 34.072422, -117.2868794 34.072973, -117.2865683 34.0735462, -117.2864342 34.0742394, -117.286579 34.0795491, -117.2891513 34.0794991, -117.289158 34.0780729, -117.2901705 34.078054, -117.2901785 34.0776408, -117.2909939 34.0776274))",POINT (-117.28890907540385 34.07505377818153)
2961,Plant_776326093,"POLYGON ((-117.2173351 33.8733886, -117.2145858 33.873353, -117.2143391 33.8733017, -117.2141245 33.873226, -117.213859 33.8730924, -117.2136471 33.8728719, -117.2134915 33.8726158, -117.2134379 33.8725023, -117.2135264 33.8592952, -117.2172037 33.8592785, -117.217201 33.8596561, -117.2172466 33.8596549, -117.2174048 33.8714923, -117.2173177 33.871823, -117.2173351 33.8733886))",POINT (-117.2154119839311 33.866358999559566)
2968,Plant_827921406,"POLYGON ((-119.6518534 36.2912833, -119.6503455 36.2913262, -119.6504635 36.2942101, -119.6477169 36.2942663, -119.6477169 36.2948068, -119.6466976 36.2948197, -119.647218 36.2983348, -119.6486369 36.298311, -119.6486744 36.2975782, -119.64894 36.297576, -119.6489235 36.297759, -119.6505425 36.2977175, -119.6505192 36.2971277, -119.6520825 36.2970876, -119.6520178 36.2955092, -119.6518534 36.2912833))",POINT (-119.64971948270973 36.295369867205956)
2973,Plant_844840630,"POLYGON ((-117.6037692 34.0301729, -117.5997725 34.0301959, -117.599578 34.0298979, -117.5995003 34.0298291, -117.5997002 34.0290166, -117.5998031 34.0287998, -117.5998456 34.0285584, -117.5998013 34.0284202, -117.5998119 34.0283236, -117.5998572 34.027834, -117.5998877 34.026565, -117.6000252 34.0265619, -117.6037371 34.0265997, -117.6037692 34.0301729))",POINT (-117.60175405090287 34.028411626931636)
2978,Plant_849942153,"POLYGON ((-117.3547154 34.6156349, -117.3570836 34.6155858, -117.3587144 34.6154269, -117.3603451 34.615939, -117.3607367 34.6159346, -117.3608601 34.6267237, -117.3574269 34.6267325, -117.3575664 34.6246225, -117.3581833 34.6236072, -117.3581725 34.6234836, -117.3581135 34.6233688, -117.3577809 34.6229406, -117.3570004 34.6225323, -117.3564656 34.6223388, -117.3556974 34.6214136, -117.3552683 34.6186589, -117.3547154 34.6156349))",POINT (-117.35835651607593 34.62044098483765)
2996,Plant_884225130,"POLYGON ((-121.4258391 37.7686454, -121.4207482 37.7686793, -121.4200348 37.7662834, -121.4199543 37.765096, -121.4257908 37.7651257, -121.4258391 37.7686454))",POINT (-121.42302334760875 37.766843937959585)
3002,Plant_896974123,"POLYGON ((-117.2072136 33.6946044, -117.2108406 33.6947075, -117.2108467 33.6945914, -117.2109727 33.69444, -117.2120754 33.6940007, -117.2129681 33.6935586, -117.2137153 33.6931095, -117.2142256 33.6927593, -117.2146889 33.6923948, -117.2147836 33.6923638, -117.2156652 33.6916268, -117.2169197 33.6903311, -117.2201718 33.6931854, -117.2202714 33.6933305, -117.2202999 33.6934068, -117.220474 33.6933723, -117.2204951 33.6965043, -117.2204148 33.6965726, -117.2134612 33.6965992, -117.2130392 33.6966319, -117.2126537 33.6967266, -117.2123353 33.6968455, -117.2120519 33.6969945, -117.211773 33.6971997, -117.2116742 33.6972003, -117.2113396 33.6969595, -117.2110258 33.6967777, -117.2086094 33.695613, -117.2082677 33.6954217, -117.2072067 33.6947412, -117.2072136 33.6946044))",POINT (-117.215465359633 33.694485528044446)
3005,Susanville CSD Wastewater Treatment Plant,"POLYGON ((-120.6316472 40.4156707, -120.6234446 40.4156673, -120.6234991 40.412728, -120.6316601 40.4127597, -120.6316472 40.4156707))",POINT (-120.62755611863895 40.414207618171275)
3010,Oakmont Wastewater Reclamation Facility,"POLYGON ((-122.6262895 38.448538, -122.6262943 38.4486212, -122.625594 38.4495121, -122.6254249 38.4495178, -122.624 38.4489314, -122.6239251 38.4488179, -122.6245651 38.4479933, -122.6246811 38.4479479, -122.6262895 38.448538))",POINT (-122.62510689997471 38.44873508962312)
3012,Plant_906341229,"POLYGON ((-119.1841126 34.1404831, -119.1870725 34.1405493, -119.1877534 34.140951, -119.1864089 34.1425494, -119.1862036 34.1428008, -119.186043 34.1431721, -119.1859926 34.1434898, -119.1859443 34.1448531, -119.1840944 34.1448404, -119.1841126 34.1404831))",POINT (-119.18540409442666 34.1423909285802)
3028,California City Wastewater Treatment Plant,"POLYGON ((-117.9369667 35.1439443, -117.9376555 35.1427872, -117.9379427 35.1428999, -117.9382112 35.1428226, -117.9385183 35.142286, -117.9384529 35.1421237, -117.9372142 35.141633, -117.9372812 35.1415109, -117.9372364 35.1414739, -117.9372492 35.1414577, -117.9372096 35.1414411, -117.9371701 35.1414245, -117.9370911 35.1413912, -117.9373249 35.1412693, -117.9377634 35.1409015, -117.938147 35.1405403, -117.9365228 35.1405117, -117.9358525 35.1405139, -117.9358052 35.1405137, -117.935758 35.1405134, -117.9339974 35.1405213, -117.9336112 35.1411848, -117.9334502 35.1411595, -117.9331268 35.141781, -117.9331828 35.1419022, -117.932947 35.1423061, -117.9369667 35.1439443))",POINT (-117.9357733514191 35.14196047622067)
3038,Bella Vista Water District Waste Water Plant,"POLYGON ((-122.3491562 40.5996432, -122.3492652 40.5998491, -122.3493201 40.5999699, -122.3493767 40.6001079, -122.3493809 40.6001668, -122.3493725 40.60037, -122.3493779 40.6004094, -122.3494148 40.6004818, -122.349417 40.6005352, -122.3496423 40.6005364, -122.3499127 40.6005523, -122.3502319 40.6005975, -122.3505165 40.6006458, -122.3509377 40.6007114, -122.3512256 40.6007381, -122.3515581 40.6007675, -122.352139 40.6008212, -122.3524286 40.6008443, -122.3528061 40.6008612, -122.3532853 40.6008807, -122.3538717 40.600886, -122.3538631 40.6006981, -122.3538553 40.6003539, -122.3538522 40.6000938, -122.3538419 40.599782, -122.3538358 40.5996005, -122.3538327 40.5994382, -122.3538313 40.5993637, -122.3538215 40.5989724, -122.3537955 40.5989765, -122.3537822 40.5989778, -122.3537707 40.598977, -122.3537484 40.598975, -122.3537465 40.5989488, -122.3537439 40.5988923, -122.353738 40.5988591, -122.353708 40.5987428, -122.3536813 40.5986779, -122.3536695 40.5985576, -122.3536584 40.5984303, -122.3536656 40.598408, -122.3536595 40.5982063, -122.3536566 40.598145, -122.3535782 40.5981266, -122.3532564 40.5980587, -122.3532283 40.5979931, -122.3531521 40.5979945, -122.3530042 40.598004, -122.3528761 40.5980551, -122.3528838 40.5980709, -122.3527444 40.5981187, -122.352708 40.5981311, -122.3526746 40.5981135, -122.3525405 40.5981456, -122.3524052 40.5981863, -122.3523581 40.5981977, -122.352193 40.5982506, -122.3520276 40.598304, -122.3520029 40.5983122, -122.351749 40.5984049, -122.3514629 40.5985117, -122.3511505 40.5986444, -122.3508924 40.5987607, -122.350552 40.5989322, -122.3502213 40.5991019, -122.3496228 40.5994065, -122.3491562 40.5996432))",POINT (-122.3519075267709 40.59962866139048)
3046,Plant_972469115,"POLYGON ((-121.322177 38.7344441, -121.3220476 38.7341653, -121.3216656 38.7341989, -121.3187942 38.7342793, -121.3156945 38.7341845, -121.3146469 38.7344008, -121.3146038 38.735218, -121.3146402 38.7365633, -121.315954 38.736511, -121.3159859 38.7383474, -121.3160457 38.7400774, -121.3194472 38.7400678, -121.3213821 38.7391402, -121.3221647 38.7377799, -121.3221894 38.7357083, -121.3219429 38.7355689, -121.3218997 38.7346075, -121.322177 38.7344441))",POINT (-121.31860643041138 38.73688279517533)
3058,La Salina Wastewater Treatment Plant,"POLYGON ((-117.37115 33.1805716, -117.3708399 33.1807519, -117.3705626 33.1809128, -117.3690901 33.1791663, -117.3686301 33.1785164, -117.3686221 33.1784199, -117.3686341 33.1783301, -117.3686569 33.1782695, -117.3689882 33.1776689, -117.3689949 33.1776072, -117.3690284 33.17755, -117.3689684 33.1774448, -117.3690728 33.1773629, -117.3693831 33.177734, -117.3705646 33.1791307, -117.3702361 33.1793225, -117.370208 33.1793389, -117.3702613 33.1794063, -117.3702306 33.1794228, -117.37115 33.1805716))",POINT (-117.36976758309513 33.179148808819264)
3067,Coastal Treatment Plant,"POLYGON ((-117.7376837 33.5201506, -117.7376457 33.5201506, -117.7364451 33.5201506, -117.7364431 33.5180185, -117.735549 33.5180193, -117.7355406 33.5177445, -117.7343188 33.5177468, -117.7347768 33.5167779, -117.7375288 33.516783, -117.7375308 33.5168355, -117.7375261 33.5169076, -117.7373799 33.5175382, -117.7374376 33.5176568, -117.7375234 33.5177188, -117.7375295 33.5177537, -117.7375348 33.5177842, -117.7374496 33.5178854, -117.7374543 33.5179575, -117.7374557 33.5186586, -117.7375375 33.5188917, -117.7375355 33.5195787, -117.7376448 33.5200556, -117.7376689 33.5200741, -117.7376837 33.5201506))",POINT (-117.73645110160433 33.518082759985774)
3078,Shafter Waste Water Treatment Plant,"POLYGON ((-119.3502679 35.4564767, -119.341471 35.456462, -119.3414846 35.4420742, -119.3505103 35.4420946, -119.3502679 35.4564767))",POINT (-119.34593345277662 35.449245765246324)
3085,Riverside Water Quality Control Plant,"POLYGON ((-117.4643206 33.961609, -117.4643402 33.9615148, -117.46394 33.9608661, -117.4620356 33.9595135, -117.4615778 33.959019, -117.4611916 33.9593305, -117.4611862 33.9596153, -117.461036 33.9597132, -117.4601241 33.9597176, -117.4601026 33.9606342, -117.4590244 33.9606075, -117.4590136 33.9613817, -117.4545987 33.9613772, -117.4545933 33.9615596, -117.4541696 33.9615507, -117.4538745 33.9615463, -117.4538255 33.9625581, -117.453822 33.9637915, -117.4536063 33.964158, -117.4528016 33.9650879, -117.4530162 33.9650879, -117.4535366 33.9651947, -117.4535634 33.9659199, -117.4544002 33.9659332, -117.4554721 33.9655821, -117.4580579 33.9647414, -117.4592128 33.964363, -117.4604749 33.9636805, -117.4624128 33.9626363, -117.4643206 33.961609))",POINT (-117.45829489291533 33.96265700925078)
3089,West County Wastewater - Water Quality & Resource Recovery Plant,"POLYGON ((-122.380263 37.9676487, -122.3802314 37.9676783, -122.3788405 37.9676843, -122.3788392 37.9677518, -122.3785366 37.9677539, -122.3785312 37.9678116, -122.3784469 37.9678769, -122.3784145 37.9678805, -122.3783672 37.9679597, -122.3784042 37.968056, -122.3782785 37.9682617, -122.3781966 37.968408, -122.3781014 37.9684888, -122.3780635 37.9684966, -122.3779208 37.9684844, -122.3777494 37.9684647, -122.3772616 37.968325, -122.3767976 37.9681282, -122.3763639 37.9679031, -122.3759619 37.9677468, -122.3757536 37.9676926, -122.3755807 37.9677242, -122.3752072 37.9677054, -122.3748072 37.9676796, -122.3740705 37.9676779, -122.3740669 37.9674496, -122.3740652 37.9672397, -122.3739822 37.9672183, -122.3739597 37.9671588, -122.3739573 37.9650014, -122.3739631 37.963299, -122.3740455 37.9632611, -122.374287 37.9632361, -122.3761513 37.9632427, -122.3761549 37.9633883, -122.3763748 37.9633906, -122.3763695 37.9614342, -122.3764286 37.9612935, -122.3764579 37.960988, -122.3765113 37.9603647, -122.3765177 37.9589683, -122.379352 37.9589647, -122.3793536 37.9590298, -122.3793833 37.9590583, -122.3793832 37.9615123, -122.3794026 37.9615638, -122.379396 37.9616588, -122.3793056 37.9617134, -122.3793258 37.9617459, -122.3793222 37.9630028, -122.3793112 37.9630604, -122.3792799 37.9631138, -122.3792261 37.9631455, -122.3791364 37.9631773, -122.3790518 37.9631833, -122.3790503 37.9632578, -122.3790756 37.9633769, -122.3790703 37.9634346, -122.3790593 37.9634722, -122.3790215 37.9634719, -122.3790311 37.9635382, -122.379029 37.9635742, -122.3790266 37.9635931, -122.3790619 37.9636334, -122.3790567 37.9645677, -122.3790315 37.9646018, -122.3790245 37.9646807, -122.3790553 37.9647117, -122.379044 37.9655193, -122.3790106 37.9655699, -122.3789541 37.9656105, -122.378946 37.9657107, -122.3789698 37.9657374, -122.3789671 37.9658994, -122.3801887 37.965898, -122.3802472 37.9659133, -122.3802693 37.9659404, -122.3802816 37.9664563, -122.3802635 37.9665925, -122.380263 37.9676487))",POINT (-122.3771689348616 37.96421511439992)
